(Root);NULL;1;0;0;1;0
...New page;NULL;1;0;0;1;0
1 level;NULL;1;NULL;NULL;1;0
1_ONGLET_ONLY;NULL;2;NULL;NULL;1;0
2 levels;NULL;1;0;0;1;0
2_VISUELS_16_9_EMPILES__1_VISUEL_PORTRAIT;used;2;NULL;NULL;1;0
2_VISUEL_16_9;used;2;NULL;NULL;1;0
4X4;NULL;0;20;1;1;0
7_JOURS];NULL;2;NULL;0;1;0
ACCEPTER_COOKIE;used;2;NULL;NULL;0;1
Accesibility key;NULL;1;0;0;1;0
Accroche;NULL;1;0;0;1;0
Action description;NULL;1;0;0;1;0
Action name;NULL;1;0;0;1;0
Activate WebService;NULL;1;0;0;1;0
Activation date;NULL;1;0;0;1;0
ACTIVATION_CHAMP_RECHERCHE_;NULL;2;NULL;NULL;1;0
ACTIVER;NULL;1;0;0;1;0
ACTUALITE;NULL;2;NULL;NULL;0;1
ADDAPPLI_FORM;NULL;2;NULL;NULL;1;0
Address;NULL;1;0;0;1;0
ADDRESS_LINE_1;NULL;2;0;0;1;0
ADDRESS_LINE_2;NULL;2;0;0;1;0
ADD_AGAIN;NULL;2;0;0;1;0
ADD_ENCADRE;NULL;1;0;0;1;0
ADD_MENUS;NULL;2;NULL;0;1;0
ADD_SITE;NULL;2;NULL;NULL;1;0
ADD_TO_BASKET;NULL;2;0;0;1;0
ADD_TO_COMPARISON;NULL;2;0;0;1;0
ADD_TO_QUICKLINKS;NULL;2;0;0;1;0
Admin reserved;NULL;1;0;0;1;0
ADMINISTRATION_NOT_USE_MEDIA;NULL;2;NULL;NULL;1;0
AJAX;used;2;255;0;1;0
AJOUTER_A_LA_SELECTION;NULL;2;NULL;0;0;1
AJOUT_CONCESSION;NULL;2;NULL;NULL;0;1
AJOUT_SELECTION;NULL;2;NULL;NULL;0;1
ALERT_CTA_MULTI_SLIDESHOW;NULL;1;0;0;1;0
ALERT_CTA_TITLE;NULL;1;NULL;NULL;1;0
ALERT_DECACHE_ECHEC;NULL;1;0;0;1;0
ALERT_IMPORT_ECHEC;NULL;1;0;0;1;0
ALERT_IMPORT_SUCCES;NULL;1;0;0;1;0
ALERT_LANGUE_SITE;NULL;1;0;0;1;0
ALERT_MSG_OUTILS_MAX;NULL;1;0;0;1;0
ALERT_SCORE_PERSO;used;2;255;0;1;0
ALERT_TYPO_MULTI_SLIDESHOW;NULL;1;0;0;1;0
ALERT_URL_PERSO;used;2;NULL;NULL;1;0
Alias;NULL;1;0;0;1;0
ALLEMAND;NULL;1;0;0;1;0
ALL_FEATURES;NULL;2;0;0;1;0
ALL_VEHICULES;NULL;2;NULL;NULL;0;1
ALTERNATIVE_URL;NULL;2;NULL;NULL;1;0
Analytics;NULL;2;0;0;0;1
ANNOUNCEMENTS;NULL;2;0;0;1;0
Answer;NULL;1;0;0;1;0
Apart from French;NULL;1;0;0;1;0
Application mobile;NULL;2;0;0;1;0
APPLICATIONS;used;2;NULL;NULL;1;0
APR;NULL;2;NULL;NULL;1;0
Arborescence cible;NULL;1;0;0;1;0
Arborescence source;NULL;1;0;0;1;0
AREAS_OF_INTEREST;NULL;2;0;0;1;0
ASSOCIATED_RUBRIQUE;NULL;1;0;0;1;0
ASSOC_CONTENT_TYPE;NULL;2;NULL;0;1;0
Attached file;NULL;1;0;0;1;0
AUCUNE;NULL;1;0;0;0;1
AUCUNE_CONCESSION;used;2;NULL;NULL;0;1
AUG;NULL;2;NULL;0;0;1
AUTEUR;NULL;1;0;0;0;1
Authenticate;NULL;1;0;0;0;1
AUTOMATIQUE;NULL;0;0;0;0;1
AUTRES_VEHICULES_PRO;NULL;2;NULL;0;0;1
AV;NULL;2;NULL;NULL;1;0
AVEC_VOS_RESEAUX_SOCIAUX;used;2;NULL;NULL;0;1
AVEC_VOTRE_ADRESSE_EMAIL;used;2;NULL;NULL;0;1
averageDistance;NULL;0;0;0;1;0
AWARD_TAB;NULL;2;0;0;1;0
A_CATEGORY;NULL;1;0;0;1;0
A_CONTENT;NULL;1;0;0;1;0
A_FAIRE;NULL;2;NULL;NULL;1;0
A_PARTI_DE;NULL;2;NULL;NULL;1;0
A_PUBLIER;used;2;NULL;NULL;1;0
A_SUPPRIMER;used;2;NULL;NULL;1;0
BACKEND_CONTENT_ARTICLE_GEOLOCALISATION;NULL;1;0;0;1;0
BACKEND_CONTENT_MAIN_TEXT;NULL;1;0;0;1;0
BackgroundColor;NULL;2;0;0;1;0
BackgroundImage;NULL;2;0;0;1;0
BACKOFFICE;NULL;1;0;0;1;0
BACK_TO_LIST;NULL;2;0;0;1;0
Banner;NULL;2;0;0;1;0
BANNER_SAMPLE;NULL;2;0;0;1;0
BERLINE;NULL;0;0;0;1;0
Bloc type;NULL;1;0;0;1;0
BLOC_IMAGE;used;2;NULL;0;1;0
BLOC_TEXTE;used;2;NULL;NULL;1;0
BLOC_VIDEO;used;2;NULL;0;1;0
BoldTitle;NULL;1;0;0;1;0
BO_ACCESS;NULL;1;0;0;1;0
BREAK;NULL;0;0;0;1;0
BROWSE;NULL;2;0;0;1;0
BROWSE_PRODUCTS;NULL;2;0;0;1;0
BUSINESS_GALERIE_NIV_2_TITLE;used;2;NULL;0;1;0
BUSINESS_PROFILE;NULL;2;0;0;1;0
By default;NULL;1;0;0;1;0
CAL_APRIL;NULL;1;0;0;1;0
CAL_AUGUST;NULL;1;0;0;1;0
CAL_CHOOSE_MONTH;NULL;1;0;0;1;0
CAL_CHOOSE_YEAR;NULL;1;0;0;1;0
CAL_CURRENT_MONTH;NULL;1;0;0;1;0
CAL_DATE_FORMAT;NULL;1;0;0;1;0
CAL_DECEMBER;NULL;1;0;0;1;0
CAL_FEBRUARY;NULL;1;0;0;1;0
CAL_FRI;NULL;1;0;0;1;0
CAL_FRIDAY;NULL;1;0;0;1;0
CAL_JANUARY;NULL;1;0;0;1;0
CAL_JULY;NULL;1;0;0;1;0
CAL_JUNE;NULL;1;0;0;1;0
CAL_MARCH;NULL;1;0;0;1;0
CAL_MAY;NULL;1;0;0;1;0
CAL_MON;NULL;1;0;0;1;0
CAL_MONDAY;NULL;1;0;0;1;0
CAL_NEXT_MONTH;NULL;1;0;0;1;0
CAL_NOVEMBER;NULL;1;0;0;1;0
CAL_OCTOBER;NULL;1;0;0;1;0
CAL_PREVIOUS_MONTH;NULL;1;0;0;1;0
CAL_SAT;NULL;1;0;0;1;0
CAL_SATURDAY;NULL;1;0;0;1;0
CAL_SELECT_DATE;NULL;1;0;0;1;0
CAL_SEPTEMBER;NULL;1;0;0;1;0
CAL_SHOW;NULL;1;0;0;1;0
CAL_SUN;NULL;1;0;0;1;0
CAL_SUNDAY;NULL;1;0;0;1;0
CAL_THU;NULL;1;0;0;1;0
CAL_THURSDAY;NULL;1;0;0;1;0
CAL_TUE;NULL;1;0;0;1;0
CAL_TUESDAY;NULL;1;0;0;1;0
CAL_WED;NULL;1;0;0;1;0
CAL_WEDNESDAY;NULL;1;0;0;1;0
CAL_WEEK;NULL;1;0;0;1;0
CARACTERISTIQUES;used;2;NULL;0;1;0
Carousel;NULL;2;0;0;1;0
CATEGORIES;NULL;2;0;0;1;0
CERTIFICATE;NULL;2;0;0;1;0
CHANGE_COLOR;NULL;0;0;0;1;0
CHANGE_MAIL_CONFIRMATION;NULL;2;0;0;1;0
CHANGE_MAIL_ERROR_PWD_TEXT;NULL;2;0;0;1;0
CHANGE_MAIL_ERROR_TOKEN;NULL;2;0;0;1;0
CHANGE_MAIL_LABEL;NULL;2;0;0;1;0
CHANGE_MAIL_MAIL_SUBJECT;NULL;2;0;0;1;0
CHANGE_MAIL_MAIL_TEXT;NULL;2;0;0;1;0
CHANGE_MAIL_TEXT_PRESENTATION;NULL;2;0;0;1;0
CHANGE_VIEW;NULL;2;0;0;1;0
CHANNEL_ID;NULL;2;NULL;0;1;0
CHOISIR;NULL;1;0;0;1;0
CHOISISSEZ_SELECTION_DETAIL;NULL;2;NULL;0;0;1
CHOISISSEZ_VOTRE_LANGUE;NULL;0;NULL;NULL;0;1
CHOIX_BLOCS;used;2;NULL;0;1;0
CHOIX_IMG_;NULL;2;NULL;0;1;0
CHOIX_IMG_OU_VIDEO;NULL;2;NULL;0;1;0
CHOIX_VIDEO_GALLERIE;used;2;NULL;0;1;0
CHOOSE_ALL;NULL;2;0;0;1;0
CHOOSE_VERSIONS;used;2;NULL;0;0;1
CITY;NULL;2;0;0;0;1
CIVILITIES;NULL;1;0;0;0;1
Civility;NULL;2;0;0;0;1
CLEAR_URL;NULL;1;0;0;1;0
CODE_DEJA_UTILISEE;NULL;2;NULL;NULL;1;0
CODE_OBLIGATOIRE;NULL;2;NULL;NULL;1;0
COLUMN;NULL;1;0;0;1;0
Commentary;NULL;1;0;0;1;0
COMMENTS;NULL;1;0;0;1;0
COMPANY;NULL;2;0;0;1;0
COMPANY_ERROR;NULL;2;0;0;1;0
COMPARER_A_NOUVEAU;NULL;2;NULL;0;0;1
Complement;NULL;1;0;0;0;1
Complement2;NULL;1;0;0;0;1
CONFIRMER;used;2;NULL;NULL;0;1
CONNECTEZ_VOUS_POUR_AFFICHER_VOS_CONCESSIONS_FAVORITES;used;2;NULL;NULL;0;1
CONTACT;NULL;2;0;0;0;1
CONTACT_SUBJECT;NULL;2;0;0;0;1
Content categories;NULL;1;0;0;1;0
Content order;NULL;1;0;0;1;0
CONTENT_NAME;NULL;1;0;0;1;0
CONTENT_TYPE_ASSOCIATED;NULL;1;0;0;1;0
CONTENU_UTILISER;NULL;1;0;0;1;0
CONTRIBUTIONS;NULL;1;0;0;1;0
COUNTRIES;NULL;1;0;0;1;0
Country;NULL;2;0;0;1;0
Créateur(s);NULL;1;0;0;1;0
Créer un contenu de type : ;NULL;1;0;0;1;0
Createur(s);NULL;2;0;0;1;0
CREATE_COMPARISON;NULL;2;0;0;1;0
CREER;NULL;1;0;0;1;0
CREER_UN_CONTENU_DE_TYPE_;used;2;NULL;NULL;1;0
CRITERE_LABEL_INTERNE;NULL;1;NULL;NULL;1;0
CRITERE_LABEL_PUBLIC;NULL;1;NULL;NULL;1;0
CSS class;NULL;1;0;0;1;0
CURL_ERROR_MSG;used;2;NULL;NULL;1;0
CUSTOMER_DEPOSITS;NULL;2;0;0;1;0
CUSTOMER_NUMBER;NULL;2;0;0;1;0
DATE;used;2;0;0;1;0
DATE_DEBUT;NULL;1;0;0;1;0
DATE_FIN;NULL;1;0;0;1;0
DATE_FORMAT_LABEL_EDITION;NULL;1;0;0;1;0
DATE_HEURE_FORMAT_PHP;NULL;1;0;0;1;0
DAVID;NULL;1;0;0;1;0
DEC;used;2;NULL;NULL;1;0
DECACHE_dTRAD_FO;NULL;1;0;0;1;0
DECACHE_TRAD_FO;NULL;2;0;0;1;0
DECMD_PAGEBREAK;NULL;1;0;0;1;0
Deidcated to subscribers;NULL;1;0;0;1;0
DEL;NULL;1;0;0;1;0
DELETE_PAGE_ALERT;NULL;1;0;0;1;0
DELIVERY_ADDRESS;NULL;2;0;0;1;0
DELIVERY_TIME;NULL;2;0;0;1;0
DEMANDE_BROCHURE;NULL;0;0;0;1;0
DEMANDE_ESSAI;NULL;0;0;0;1;0
DEMANDE_OFFRES_COMMERCIALES;NULL;0;0;0;1;0
DEMI_MOSAIQUE;NULL;2;NULL;NULL;1;0
DEMO_SITE;NULL;2;0;0;1;0
DEPENDANCES;NULL;1;0;0;1;0
DEPENDANCIES;NULL;1;0;0;1;0
DESC;NULL;1;0;0;1;0
DESCRIPTION;NULL;1;0;0;1;0
DESCRIPTION_SERVICE;NULL;1;0;0;1;0
DESC_USING_LINK;NULL;2;NULL;0;1;0
design;NULL;0;0;0;1;0
DESIRED_END_DATE;NULL;2;0;0;1;0
DEV_SITE;NULL;1;0;0;1;0
DIESEL;NULL;0;0;0;0;1
Diffusion date and hour;NULL;1;0;0;1;0
DISTRIBUTOR_ACTEBIS_PEACOK_GMBH;NULL;2;0;0;1;0
DISTRIBUTOR_API_COMPUTERHANDELS_GMBH;NULL;2;0;0;1;0
DISTRIBUTOR_B_COM_COMPUTER_AG;NULL;2;0;0;1;0
DISTRIBUTOR_INGRAM_MICRO_DISTRIBUTION_GMBH;NULL;2;0;0;1;0
DOES_YOUR_COMPANY_HAVE_AN_E_TAIL_SITE;NULL;2;0;0;1;0
DOES_YOUR_COMPANY_HAVE_A_RETAIL_STORE;NULL;2;0;0;1;0
DON_T_KNOW;NULL;2;0;0;1;0
DOWNLOAD;NULL;2;0;0;1;0
Drag&Drop;NULL;1;0;0;1;0
DROPPABLE_DISPLAY;NULL;2;NULL;0;1;0
DROTIE;NULL;2;NULL;0;1;0
eco;NULL;0;0;0;0;1
EDIT;NULL;1;0;0;1;0
EDITOR_ACCESS;NULL;1;0;0;1;0
EDITOR_ANCHOR;NULL;1;0;0;1;0
EDITOR_BOLD;NULL;1;0;0;1;0
EDITOR_BRING_ABOVE_TEXT;NULL;1;0;0;1;0
EDITOR_BRING_FORWARD;NULL;1;0;0;1;0
EDITOR_BRING_TO_FRONT;NULL;1;0;0;1;0
EDITOR_CHARMAP;NULL;1;0;0;1;0
EDITOR_CLEAN;NULL;1;0;0;1;0
EDITOR_CONTENT;NULL;1;0;0;1;0
EDITOR_COPY;NULL;1;0;0;1;0
EDITOR_CUT;NULL;1;0;0;1;0
EDITOR_DELETECELLS;NULL;1;0;0;1;0
EDITOR_DELETECOLS;NULL;1;0;0;1;0
EDITOR_DELETEROWS;NULL;1;0;0;1;0
EDITOR_DETAILS;NULL;1;0;0;1;0
EDITOR_DOCUMENT;NULL;1;0;0;1;0
EDITOR_FLASH;NULL;1;0;0;1;0
EDITOR_FONTNAME;NULL;1;0;0;1;0
EDITOR_FONTSIZE;NULL;1;0;0;1;0
EDITOR_HELP;NULL;1;0;0;1;0
EDITOR_HR;NULL;1;0;0;1;0
EDITOR_IMAGE;NULL;1;0;0;1;0
EDITOR_IMAGEMAP;NULL;1;0;0;1;0
EDITOR_IMAGE_PROPERTY;NULL;1;0;0;1;0
EDITOR_INDENT;NULL;1;0;0;1;0
EDITOR_INSERTCELL;NULL;1;0;0;1;0
EDITOR_INSERTCOL;NULL;1;0;0;1;0
EDITOR_INSERTROW;NULL;1;0;0;1;0
EDITOR_INSERTTABLE;NULL;1;0;0;1;0
EDITOR_ITALIC;NULL;1;0;0;1;0
EDITOR_JUSTIFYCENTER;NULL;1;0;0;1;0
EDITOR_JUSTIFYLEFT;NULL;1;0;0;1;0
EDITOR_JUSTIFYRIGHT;NULL;1;0;0;1;0
EDITOR_LINK;NULL;1;0;0;1;0
EDITOR_LINKCHECK;NULL;1;0;0;1;0
EDITOR_LOCK_ELEMENT;NULL;1;0;0;1;0
EDITOR_MAKE_ABSOLUTE;NULL;1;0;0;1;0
EDITOR_MERGECELLS;NULL;1;0;0;1;0
EDITOR_MODIFTABLE;NULL;1;0;0;1;0
EDITOR_ORDERLIST;NULL;1;0;0;1;0
EDITOR_OUTDENT;NULL;1;0;0;1;0
EDITOR_PALETTE;NULL;1;0;0;1;0
EDITOR_PASTE;NULL;1;0;0;1;0
EDITOR_REDO;NULL;1;0;0;1;0
EDITOR_REMOVEFORMAT;NULL;1;0;0;1;0
EDITOR_SELECTALL;NULL;1;0;0;1;0
EDITOR_SEND_BACKWARD;NULL;1;0;0;1;0
EDITOR_SEND_BELOW_TEXT;NULL;1;0;0;1;0
EDITOR_SEND_TO_BACK;NULL;1;0;0;1;0
EDITOR_SETBACKCOLOR;NULL;1;0;0;1;0
EDITOR_SETFORECOLOR;NULL;1;0;0;1;0
EDITOR_SNAPTOGRID;NULL;1;0;0;1;0
EDITOR_SPLITCELL;NULL;1;0;0;1;0
EDITOR_STRIKETHROUGH;NULL;1;0;0;1;0
EDITOR_SUBSCRIPT;NULL;1;0;0;1;0
EDITOR_SUPERSCRIPT;NULL;1;0;0;1;0
EDITOR_TABLE_PROPERTY;NULL;1;0;0;1;0
EDITOR_TEMPLATE;NULL;1;0;0;1;0
EDITOR_TIDY;NULL;1;0;0;1;0
EDITOR_TOC;NULL;1;0;0;1;0
EDITOR_UNDERLINE;NULL;1;0;0;1;0
EDITOR_UNDO;NULL;1;0;0;1;0
EDITOR_UNLINK;NULL;1;0;0;1;0
EDITOR_UNORDERLIST;NULL;1;0;0;1;0
EDITOR_VISIBLEBORDERS;NULL;1;0;0;1;0
EDIT_CONCESSION_FAVS;NULL;2;NULL;NULL;1;0
EDIT_MY_NEWS;NULL;2;0;0;1;0
EDIT_MY_QUICKLINKS;NULL;2;0;0;1;0
EEE;NULL;2;NULL;NULL;1;0
ELECTRIQUE;NULL;0;0;0;0;1
EMAIL_ERROR;NULL;2;0;0;1;0
EMAIL_FOR_LOGIN;NULL;2;0;0;1;0
EMAIL_SUBSCRIBER_REMOVED;NULL;2;0;0;1;0
EMBARGO_PLD_LEGEND;NULL;2;0;0;1;0
ENCADRE;NULL;1;0;0;1;0
End;NULL;1;0;0;1;0
End hour;NULL;1;0;0;1;0
END_DATE_VIEWING;NULL;1;0;0;1;0
ENQUIRY_FORM_BLOC_A_LABEL;NULL;2;0;0;1;0
ENQUIRY_FORM_BLOC_B_LABEL;NULL;2;0;0;1;0
ENQUIRY_FORM_BLOC_C_LABEL;NULL;2;0;0;1;0
ENQUIRY_FORM_BLOC_D_LABEL;NULL;2;0;0;1;0
ENQUIRY_FORM_BLOC_E_LABEL;NULL;2;0;0;1;0
ENQUIRY_FORM_BLOC_F_LABEL;NULL;2;0;0;1;0
ENQUIRY_LINK;NULL;2;0;0;1;0
ENTETE_SPECIFIQUE_POUR_LE_MOBILE;NULL;2;NULL;0;1;0
ERREUR_SITE_NON_CONFORME;NULL;1;0;0;1;0
ERROR_POS_DENIED_ACCESS;NULL;2;0;0;1;0
ESSENCE;NULL;0;0;0;0;1
ETAPE_SUIVANTE;used;2;NULL;NULL;0;1
EVENT_TAB;NULL;2;0;0;1;0
EXCLUDING_VAT;NULL;2;0;0;1;0
EXIST_CAT;NULL;2;NULL;0;1;0
EXPIRATION;NULL;1;0;0;1;0
EXPLOITATION;NULL;1;0;0;1;0
FAQ;used;2;0;0;0;1
FAQ_FREQUENTLY_ASKED_QUESTIONS;NULL;2;NULL;0;0;1
FAVORITE_CONCESSION;NULL;2;NULL;NULL;0;1
FEATURE;NULL;1;0;0;0;1
Featured Links;NULL;2;0;0;0;1
FEATURE_TYPE;NULL;1;0;0;0;1
FILE_FULL_BYTE;NULL;1;0;0;1;0
FILTER;NULL;2;0;0;1;0
FIND_ARCHIVED_PRODUCTS;NULL;2;0;0;1;0
FIRST_NAME_ERROR;NULL;2;0;0;1;0
FIRST_TIME_DELIVERY;NULL;2;0;0;1;0
FOCUS_AREA;NULL;2;0;0;1;0
Fonction;NULL;1;0;0;1;0
Fonctionality type;NULL;1;0;0;1;0
Fonctionnalite;NULL;1;0;0;1;0
FONCTIONNEMENT_OUTILS_RECHERCHE;NULL;1;0;0;1;0
FOOTER;NULL;1;0;0;1;0
FORGOT_PASSWORD;NULL;2;0;0;1;0
FORGOT_PASSWORD_ERROR_EMAIL_TEXT;NULL;2;0;0;1;0
FORGOT_PASSWORD_ERROR_PWD_TEXT;NULL;2;0;0;1;0
FORGOT_PASSWORD_LABEL;NULL;2;0;0;1;0
FORGOT_PASSWORD_TEXT_PRESENTATION_STEP1;NULL;2;0;0;1;0
FORGOT_PASSWORD_TEXT_PRESENTATION_STEP2;NULL;2;0;0;1;0
FORGOT_PASSWORD_TEXT_PRESENTATION_STEP3;NULL;2;0;0;1;0
FORMAT_CLASSIQUE;NULL;1;0;0;1;0
FORMAT_DATE;used;1;NULL;NULL;1;0
FORM_BUTTON_BACK;NULL;1;0;0;1;0
FORM_BUTTON_COLOR;NULL;1;0;0;1;0
FORM_BUTTON_CONSULT;NULL;2;NULL;NULL;1;0
FORM_BUTTON_DELETE;NULL;1;0;0;1;0
FORM_BUTTON_FILE_SELECT;NULL;1;0;0;1;0
FORM_BUTTON_FILE_VIEW;NULL;1;0;0;1;0
FORM_BUTTON_IMG_SELECT;NULL;1;0;0;1;0
FORM_BUTTON_IMG_TITLE;NULL;1;0;0;1;0
FORM_BUTTON_LINK_SELECT;NULL;1;0;0;1;0
FORM_BUTTON_PREVIEW;NULL;1;0;0;1;0
FORM_BUTTON_SAVE;NULL;1;0;0;1;0
FORM_BUTTON_SELECT;NULL;1;0;0;1;0
FORM_DISPLAY_ORDER;NULL;1;NULL;NULL;1;0
FORM_FILL;NULL;1;0;0;1;0
FORM_MAP_ADD;NULL;1;0;0;1;0
FORM_MSG_ALPHANUM;NULL;1;0;0;1;0
FORM_MSG_DATE_EDITION;NULL;1;0;0;1;0
FORM_MSG_ERROR_HIERARCHY_PAGE_LANG;NULL;1;0;0;1;0
FORM_MSG_TELEPHONE;NULL;1;0;0;1;0
FORM_MSG_YEAR;NULL;1;0;0;1;0
FORM_NOT_PUBLISHED;NULL;1;NULL;NULL;1;0
FORM_PUBLISHED;NULL;1;NULL;NULL;1;0
FOR_RUB;NULL;2;NULL;NULL;1;0
FOURGON;NULL;0;0;0;1;0
Frame type;NULL;1;0;0;1;0
Free content;NULL;1;0;0;1;0
Free/public package;NULL;1;0;0;1;0
FRIEND_SEND_ICONE;NULL;1;0;0;1;0
GABARIT_HIDDEN;NULL;1;0;0;1;0
GABARIT_UNIQUE;NULL;1;0;0;1;0
GENERAL_SETTINGS;NULL;1;0;0;1;0
Geolocation;NULL;1;0;0;1;0
GLOSSARY;NULL;2;0;0;1;0
GOOGLE;NULL;2;NULL;NULL;1;0
GROUPES;NULL;2;NULL;0;1;0
Has list;NULL;2;0;0;1;0
HEADER;NULL;1;0;0;1;0
HIDDEN;NULL;1;0;0;1;0
Hide when add;NULL;1;0;0;1;0
HIDE_LAYOUT;NULL;1;0;0;1;0
HIDE_WHILE_VIEW;NULL;1;0;0;1;0
HIGH_RESOLUTION;NULL;2;0;0;1;0
HORIZONTAL_VIEW_BO;NULL;1;0;0;1;0
HYBRIDE-DIESEL;NULL;0;0;0;0;1
Icon;NULL;1;0;0;1;0
icone;NULL;2;0;0;1;0
ID_COMPTE;NULL;1;NULL;NULL;1;0
ID_DOUBLON;NULL;2;NULL;0;1;0
ID_WIDGET;NULL;2;NULL;NULL;1;0
IFRAME_NON_DISPO;NULL;0;0;0;1;0
Image link;NULL;1;0;0;1;0
Image position;NULL;1;0;0;1;0
IMAGE_FOND_GENERALE;NULL;1;0;0;1;0
IMAGE_OBLIGATOIRE;NULL;2;NULL;NULL;1;0
IMG_CHANGE_MAIL_SAVE_NEW_EMAIL_BUTTON;NULL;2;0;0;1;0
IMG_DOWNLOAD_ALL_BUTTON;NULL;2;0;0;1;0
IMG_DOWNLOAD_SELECTED_ITEMS_BUTTON;NULL;2;0;0;1;0
IMG_FORGOT_PASSWORD_SAVE_NEW_PASSWORD_BUTTON;NULL;2;0;0;1;0
IMG_FORGOT_PASSWORD_SEND_BUTTON;NULL;2;0;0;1;0
IMG_LOGIN_BUTTON;NULL;2;0;0;1;0
IMG_REGISTER_BUTTON;NULL;2;0;0;1;0
IMG_REGISTRATION_BUTTON;NULL;2;0;0;1;0
IMG_SAVE_CHANGES_BUTTON;NULL;2;0;0;1;0
IMG_SEARCH_BUTTON;NULL;2;0;0;1;0
IMG_SEND_ENQUIRY_BUTTON;NULL;2;0;0;1;0
IMG_SEND_REQUEST_BUTTON;NULL;2;0;0;1;0
IMG_TAKE_TOUR_BUTTON;NULL;2;0;0;1;0
IMG_TOP_CAT_BUTTON;NULL;2;0;0;1;0
IMG_TOP_PRODUCT_BUTTON;NULL;2;0;0;1;0
IMG_WE_RECOMMEND_BUTTON;NULL;2;0;0;0;1
IMPORT_EXPORT_TRAD;NULL;1;0;0;1;0
INDEX_NOFOLLOW;used;2;NULL;0;1;0
Info external links;NULL;1;0;0;0;1
INSCRIVEZ_VOUS;used;2;NULL;0;0;1
INSCRIVEZ_VOUS_VIA;used;2;NULL;0;0;1
INTERNAL_CONTACT_SOCIETY;NULL;2;0;0;0;1
IN_THE_RUBRIQUE;NULL;1;0;0;1;0
IN_THE_SEARCH;NULL;1;0;0;1;0
ITEM_REQUESTED;NULL;2;0;0;1;0
JAN;NULL;2;NULL;NULL;1;0
JOUR_MOIS_ANNEE;used;2;NULL;0;1;0
JUN;NULL;2;NULL;NULL;1;0
Key exists bo;NULL;1;0;0;1;0
Key exists fo;NULL;1;0;0;1;0
KEY_EXISTS;NULL;2;NULL;0;1;0
KEY_WORDS;NULL;1;0;0;1;0
Label (saction);NULL;1;NULL;NULL;1;0
Label (state);NULL;1;NULL;NULL;1;0
LANGS;NULL;1;0;0;1;0
Langue source;NULL;1;0;0;1;0
LANG_LIST;NULL;1;0;0;1;0
largeFamily;NULL;0;0;0;1;0
Last articles;NULL;2;0;0;1;0
LAST_NAME;NULL;2;0;0;1;0
LAST_NAME_ERROR;NULL;2;0;0;1;0
LAYOUT_SHORTCUT;NULL;1;0;0;1;0
LA_DIFFUSION_EST_UN_SUCCES;NULL;1;0;0;1;0
LA_VERSION_CLASSIQUE_DU_SITE;used;2;NULL;NULL;0;1
LA_VIDEO_EST_OBLIGATOIRE;used;2;NULL;0;1;0
LCDV_CODE;NULL;1;0;0;1;0
LEARN_MORE;NULL;2;0;0;0;1
Left label;NULL;2;0;0;1;0
LES_HORAIRES;NULL;2;NULL;NULL;0;1
Levels;NULL;1;0;0;1;0
LE_FORMAT_DU_VISUEL_EST_OBLIGATOIRE;used;2;NULL;0;1;0
LE_TEXTE_EST_OBLIGATOIRE;used;2;NULL;0;1;0
LE_VISUEL_EST_OBLIGATOIRE;used;2;NULL;0;1;0
LIBELLE_OBLIGATOIRE;NULL;2;NULL;0;1;0
LIEN_COMPLET;NULL;1;0;0;1;0
LIEN_SIMPLE;NULL;1;0;0;1;0
LINK_LABEL;NULL;1;0;0;1;0
LINK_PARAMETER;NULL;1;0;0;1;0
LINK_VP;NULL;2;NULL;0;0;1
LINK_VU;NULL;2;NULL;0;0;1
LOCALISER;NULL;2;NULL;0;0;1
LOCKED_RECORD;NULL;1;0;0;0;1
LOGIN_ERROR_NOT_EXIST;NULL;2;0;0;0;1
Logo;NULL;2;0;0;0;1
LOGOUT;NULL;2;0;0;1;0
longDistance;NULL;0;0;0;1;0
Lost password;NULL;1;0;0;1;0
LOT_SIZES;NULL;2;0;0;1;0
LOU;NULL;0;0;0;1;0
LOW_RESOLUTION;NULL;2;0;0;1;0
l_auteur;used;1;0;0;1;0
l_ic?ne d_envoi ? un ami;NULL;1;0;0;1;0
l_ic?ne d_impression;NULL;1;0;0;1;0
l_ic?ne PDF;NULL;1;0;0;1;0
l_icone d_envoi a un ami;NULL;2;0;0;1;0
l_icone d_impression;NULL;2;0;0;1;0
l_icone PDF;NULL;2;0;0;1;0
L_ICONE_D_ENVOI_A_UN_AMI;NULL;2;NULL;NULL;1;0
L_ICONE_D_IMPRESSION;NULL;2;NULL;NULL;1;0
L_ICONE_PDF;NULL;2;NULL;NULL;1;0
MAIL_APPROVAL_REQUEST_BODY;NULL;2;0;0;1;0
MAIL_APPROVAL_REQUEST_SUBJECT;NULL;2;0;0;1;0
Main text;NULL;1;0;0;1;0
MAIN_RUBRIQUE;NULL;1;0;0;1;0
MAIN_URLS;NULL;1;0;0;1;0
MANAGE_TITLE;NULL;1;0;0;1;0
MANUELLE;NULL;0;0;0;0;1
MAX_3_RS;NULL;2;NULL;NULL;1;0
MAX_TRIES;NULL;1;0;0;1;0
MAY;NULL;2;NULL;NULL;1;0
Media type;NULL;2;0;0;1;0
MEDIA_TYPES;NULL;1;0;0;1;0
MEDIA_USAGE;NULL;2;NULL;NULL;1;0
MEDIUM_RESOLUTION;NULL;2;0;0;1;0
MENTION_LEG_LIB;used;2;NULL;NULL;1;0
Menu properties;NULL;1;0;0;1;0
MERCI_DE_CONFIRMER_LA_MISE_A_JOUR_DE_LA_SELECTION;used;2;NULL;NULL;0;1
MERCI_DE_CONFIRMER_L_AJOUT_A_LA_SELECTION;used;2;NULL;NULL;0;1
METTRE_A_JOUR_MA_SELECTION;NULL;2;NULL;0;0;1
MIGRATION_CHOOSE;NULL;2;0;0;1;0
Minisite;NULL;1;0;0;1;0
Miscellaneous;NULL;1;0;0;1;0
MODIFIER;used;2;NULL;NULL;0;1
MOIS_ANNEE;used;2;NULL;0;1;0
MONOSPACE;NULL;0;0;0;1;0
MULTISPACE;NULL;0;0;0;1;0
MY_DATA;NULL;2;0;0;1;0
MY_NEWS;NULL;2;0;0;1;0
NEED_EMPTY;NULL;2;NULL;NULL;1;0
NEERLANDAIS;NULL;2;NULL;NULL;1;0
NEWEST_PRODUCTS;NULL;2;0;0;1;0
NEWS;NULL;2;0;0;1;0
NEWSLETTERS_SETTING;NULL;2;0;0;1;0
Newsletter_subscription;NULL;2;0;0;1;0
NEWS_SETTINGS;NULL;2;0;0;1;0
NEW_EMAIL_LABEL;NULL;2;0;0;1;0
NEW_PASSWORD_LABEL;NULL;2;0;0;1;0
NEW_PASSWORD_REPEAT_LABEL;NULL;2;0;0;1;0
NEW_RUBRIQUE;NULL;1;0;0;1;0
NEXT;NULL;2;NULL;NULL;1;0
Next state;NULL;1;0;0;1;0
NEXT_URL_USED;NULL;2;NULL;NULL;1;0
NO;NULL;2;0;0;1;0
No template;NULL;1;0;0;1;0
NOINDEX_FOLLOW;used;2;NULL;0;1;0
NOMBRE_ITEM_PAR_LIGNE;NULL;1;0;0;1;0
NOMBRE_ITEM_PAR_LIGNE_OBLIGATOIRE;NULL;2;NULL;NULL;1;0
NOM_SERVICE;NULL;1;0;0;1;0
NONE_F;NULL;1;0;0;1;0
NOT_DISPLAY;NULL;1;0;0;1;0
NOT_EXIST_PAGE;NULL;2;NULL;0;1;0
NOV;NULL;2;NULL;NULL;1;0
NO_PROPRIETAIRE;NULL;2;NULL;0;1;0
NUMBER;NULL;1;0;0;1;0
OCT;NULL;2;NULL;NULL;1;0
One criteria;NULL;1;0;0;1;0
ONE_GABARIT_SITE;NULL;1;0;0;1;0
ONE_SITE_LAYOUT;NULL;1;0;0;1;0
ONE_SITE_USE;NULL;1;0;0;1;0
ONE_USE_SITE;NULL;1;0;0;1;0
ONLY_MOBILE;NULL;1;0;0;1;0
ONLY_WEB_TAB;NULL;1;0;0;1;0
ON_HOME_PAGE;NULL;1;0;0;1;0
OPTIN_AUTOMOBILE;NULL;2;NULL;NULL;1;0
OPTIN_PARTENAIRE;NULL;2;NULL;NULL;1;0
Order;NULL;2;0;0;1;0
ORDER_SELECTED_ITEMS;NULL;2;0;0;1;0
Ordre d_affichage;NULL;1;0;0;1;0
ORDRE_DEJA_UTILISE;NULL;2;NULL;NULL;1;0
ORDRE_OBLIGATOIRE_GALLERIE_PHOTO;NULL;2;NULL;NULL;1;0
ORDRE_OBLIGATOIRE_VIDEO;NULL;2;NULL;NULL;1;0
OTHER_INFORMATION_SUPPORT_SERVICES_NEEDED;NULL;2;0;0;1;0
OU;used;2;NULL;NULL;1;0
OUTILS;NULL;1;0;0;1;0
Output format;NULL;1;0;0;1;0
OU_DE;NULL;2;NULL;NULL;1;0
Package name;NULL;1;0;0;1;0
PAGE_CONTENT_HIER;NULL;1;0;0;1;0
PAGE_MENU_NAV;NULL;1;0;0;1;0
PAGE_NOT_FOUND;NULL;1;0;0;1;0
PAGE_TITLES;NULL;1;0;0;1;0
PARAMETRES;NULL;1;0;0;1;0
PARTAGER_AVEC_AMIS;NULL;2;NULL;NULL;0;1
PARTAGE_COMPARAISON;NULL;0;0;0;0;1
Partners with package access;NULL;1;0;0;1;0
PAR_CITY;NULL;1;0;0;1;0
PAR_CP;NULL;1;0;0;0;1
PAS_DE_RESULTATS_FILTRE;used;2;NULL;NULL;0;1
PAYANT;NULL;1;0;0;1;0
Pays source;NULL;1;0;0;1;0
PDF_ICONE;NULL;1;0;0;1;0
PERI_INTER;NULL;2;NULL;0;1;0
Phone;NULL;2;0;0;1;0
PHP Class;NULL;1;0;0;1;0
PICTOGRAMME_COMPARER_OBLIGATOIRE;NULL;2;NULL;NULL;1;0
PICTOGRAMME_DECOUVRIR_OBLIGATOIRE;NULL;2;NULL;NULL;1;0
PICTOGRAMME_ESSAYER_OBLIGATOIRE;NULL;2;NULL;NULL;1;0
PICTOGRAMME_FINANCER_OBLIGATOIRE;NULL;2;NULL;NULL;1;0
PICTOGRAMME_PROFITER_OBLIGATOIRE;NULL;2;NULL;NULL;1;0
PICTOGRAMME_TROUVER_OBLIGATOIRE;NULL;2;NULL;NULL;1;0
PICTO_RUBRIQUE;NULL;1;0;0;1;0
PLATEFORM_1;NULL;2;NULL;NULL;1;0
PLATEFORM_2;NULL;2;NULL;NULL;1;0
Player size;NULL;1;0;0;1;0
PLEASE_CHOOSE_A_SUBJECT;NULL;2;0;0;1;0
PLUGIN;NULL;1;0;0;1;0
PLUGIN_CONTENT;NULL;1;0;0;1;0
PLUGIN_NAV;NULL;1;0;0;1;0
PLUS_DE_DETAIL;used;2;NULL;0;0;1
Poll;NULL;2;0;0;1;0
Poll already voted;NULL;1;0;0;1;0
POPUP_ADMIN_DATA;NULL;2;NULL;NULL;1;0
POPUP_ANCHOR_PROPERTIES;NULL;1;0;0;1;0
POPUP_ANCHOR_TITLE;NULL;1;0;0;1;0
POPUP_BUTTON_RESTORE;NULL;1;0;0;1;0
POPUP_BUTTON_SELECT;NULL;1;0;0;1;0
POPUP_COLOR_CUSTOM_PALETT;NULL;1;0;0;1;0
POPUP_COLOR_TITLE;NULL;1;0;0;1;0
POPUP_CONTENT_DATA;NULL;2;NULL;NULL;1;0
POPUP_ICONS_TITLE;NULL;1;0;0;1;0
POPUP_LABEL_ACTION;NULL;1;0;0;1;0
POPUP_LABEL_ALIGNMENT;NULL;1;0;0;1;0
POPUP_LABEL_ALT;NULL;1;0;0;1;0
POPUP_LABEL_BACKGROUND_COLOR;NULL;1;0;0;1;0
POPUP_LABEL_BORDER;NULL;1;0;0;1;0
POPUP_LABEL_CAPTION;NULL;1;0;0;1;0
POPUP_LABEL_CENTER;NULL;1;0;0;1;0
POPUP_LABEL_COLOR;NULL;1;0;0;1;0
POPUP_LABEL_FILE;NULL;1;0;0;1;0
POPUP_LABEL_HEIGHT;NULL;1;0;0;1;0
POPUP_LABEL_HOR_ALIGN;NULL;1;0;0;1;0
POPUP_LABEL_HOR_SPACE;NULL;1;0;0;1;0
POPUP_LABEL_LEFT;NULL;1;0;0;1;0
POPUP_LABEL_MIDDLE;NULL;1;0;0;1;0
POPUP_LABEL_NONE;NULL;1;0;0;1;0
POPUP_LABEL_NONE2;NULL;1;0;0;1;0
POPUP_LABEL_ORIGINAL_SIZE;NULL;1;0;0;1;0
POPUP_LABEL_PRESERVE;NULL;1;0;0;1;0
POPUP_LABEL_QUALITY;NULL;1;0;0;1;0
POPUP_LABEL_QUALITY_BEST;NULL;1;0;0;1;0
POPUP_LABEL_QUALITY_HIGH;NULL;1;0;0;1;0
POPUP_LABEL_QUALITY_LOW;NULL;1;0;0;1;0
POPUP_LABEL_QUALITY_MEDIUM;NULL;1;0;0;1;0
POPUP_LABEL_RIGHT;NULL;1;0;0;1;0
POPUP_LABEL_TITLE;NULL;1;0;0;1;0
POPUP_LABEL_TOP;NULL;1;0;0;1;0
POPUP_LABEL_VERT_ALIGN;NULL;1;0;0;1;0
POPUP_LABEL_VERT_SPACE;NULL;1;0;0;1;0
POPUP_LABEL_WIDTH;NULL;1;0;0;1;0
POPUP_LINK_CURRENT_PAGE;NULL;1;0;0;1;0
POPUP_LINK_CUSTOM;NULL;1;0;0;1;0
POPUP_LINK_NEW_PAGE;NULL;1;0;0;1;0
POPUP_LINK_PARENT_FRAME;NULL;1;0;0;1;0
POPUP_LINK_TARGET;NULL;1;0;0;1;0
POPUP_LINK_TITLE;NULL;1;0;0;1;0
POPUP_LINK_TOP_FRAME;NULL;1;0;0;1;0
POPUP_MEDIA_LABEL_ADD_FOLDER;used;1;0;0;1;0
POPUP_MEDIA_LABEL_EDIT_FOLDER;NULL;2;NULL;NULL;1;0
POPUP_MEDIA_LABEL_HTTP;NULL;1;0;0;1;0
POPUP_MEDIA_LABEL_NEW_FOLDER;used;1;0;0;1;0
POPUP_MEDIA_LABEL_NO_FILE;NULL;1;0;0;1;0
POPUP_MEDIA_LABEL_PATH;NULL;1;0;0;1;0
POPUP_MEDIA_LABEL_REPLACE;NULL;1;0;0;1;0
POPUP_MEDIA_LABEL_SIZE;NULL;1;0;0;1;0
POPUP_MEDIA_LIBRARY_TITLE;NULL;1;0;0;1;0
POPUP_MEDIA_MSG_DEL_MEDIA_FORMAT;NULL;1;0;0;1;0
POPUP_MEDIA_MSG_DEL_ROOT;NULL;1;0;0;1;0
POPUP_MEDIA_MSG_EMPTY_FOLDER;NULL;1;0;0;1;0
POPUP_REF_USED;NULL;1;0;0;1;0
POPUP_RUBRIQUE_DATA;NULL;2;NULL;NULL;1;0
POPUP_RUBRIQUE_DATA_AUTRE_SITE;NULL;2;NULL;NULL;1;0
POPUP_SEARCH_EMPTY;NULL;1;0;0;1;0
POPUP_SEARCH_LIMIT;NULL;1;0;0;1;0
POPUP_SEARCH_NOFOUND;NULL;1;0;0;1;0
POPUP_SEARCH_WAIT;NULL;1;0;0;1;0
POPUP_SPECIAL_CHARS_TITLE;NULL;1;0;0;1;0
POPUP_TABLE_BASELINE;NULL;1;0;0;1;0
POPUP_TABLE_CELL;NULL;1;0;0;1;0
POPUP_TABLE_CELL_PROPERTIES;NULL;1;0;0;1;0
POPUP_TABLE_COLUMNS;NULL;1;0;0;1;0
POPUP_TABLE_LINE;NULL;1;0;0;1;0
POPUP_TABLE_LINES;NULL;1;0;0;1;0
POPUP_TABLE_LINE_PROPERTIES;NULL;1;0;0;1;0
POPUP_TABLE_NOWRAP;NULL;1;0;0;1;0
POPUP_TABLE_TABLE_PROPERTIES;NULL;1;0;0;1;0
POPUP_TABLE_TITLE;NULL;1;0;0;1;0
POPUP_TEMPLATES_TITLE;NULL;1;0;0;1;0
POPUP_UPLOAD_ALREADY_EXISTS;NULL;1;0;0;1;0
POPUP_UPLOAD_ATTACHED;NULL;1;0;0;1;0
POPUP_UPLOAD_IMPOSSIBLE;NULL;1;0;0;1;0
POPUP_UPLOAD_NO_FILE;NULL;1;0;0;1;0
POPUP_UPLOAD_PART_ONLY;NULL;1;0;0;1;0
POPUP_UPLOAD_REPLACE;NULL;1;0;0;1;0
POPUP_UPLOAD_SEND;NULL;1;0;0;1;0
POPUP_UPLOAD_TITLE;NULL;1;0;0;1;0
POPUP_UPLOAD_TOO_BIG;NULL;1;0;0;1;0
POPUP_UPLOAD_TOO_BIG_PHP;NULL;1;0;0;1;0
POPUP_VERSION;NULL;2;NULL;NULL;1;0
Postal code;NULL;1;0;0;1;0
posted;NULL;1;0;0;1;0
POUVONS_NOUS_VOUS_AIDER;NULL;0;NULL;NULL;0;1
PREPROD_SITE;NULL;1;0;0;1;0
Preserve DNS;NULL;1;0;0;1;0
PRESS_ARTICLES_TAB;NULL;2;0;0;1;0
PRESS_ARTICLE_MEDIA_ONLINE;NULL;2;0;0;1;0
PRESS_ARTICLE_MEDIA_PRINT;NULL;2;0;0;1;0
PRESS_ARTICLE_MEDIA_RADIO;NULL;2;0;0;1;0
PRESS_ARTICLE_MEDIA_TV;NULL;2;0;0;1;0
PRESS_RELEASES_TAB;NULL;2;0;0;1;0
PREVIOUS;NULL;2;NULL;NULL;1;0
PRICE;NULL;2;0;0;1;0
PRINT_ICONE;NULL;1;0;0;1;0
PRINT_PAGE;NULL;2;0;0;1;0
PRODUCTS;NULL;2;0;0;1;0
PRODUCT_ARCHIVED;NULL;2;0;0;1;0
PRODUCT_COLOR_COLLECTION;NULL;2;0;0;1;0
PRODUCT_DATASHEETS_AND_CERTIFICATES;NULL;2;0;0;1;0
PRODUCT_DATA_SHEET;NULL;2;0;0;1;0
PRODUCT_DESCRIPTION;NULL;2;0;0;1;0
PRODUCT_DESC_100_WORDS;NULL;2;0;0;1;0
PRODUCT_DESC_25_WORDS;NULL;2;0;0;1;0
PRODUCT_DESC_50_WORDS;NULL;2;0;0;1;0
PRODUCT_DESC_AWARD;NULL;2;0;0;1;0
PRODUCT_DESC_CORE_DIFF;NULL;2;0;0;1;0
PRODUCT_DESC_LANDINGPAGE;NULL;2;0;0;1;0
PRODUCT_DESC_NEWS;NULL;2;0;0;1;0
PRODUCT_DESC_PACKAGE_CONTENTS;NULL;2;0;0;1;0
PRODUCT_DESC_SALES_BENEFITS;NULL;2;0;0;1;0
PRODUCT_DESC_SAMPLE_AD_COPY;NULL;2;0;0;1;0
PRODUCT_DESC_SHELF_CARD_COPY;NULL;2;0;0;1;0
PRODUCT_EMBARGO_DATE;NULL;2;0;0;1;0
PRODUCT_FEATURES;NULL;2;0;0;1;0
PRODUCT_IMAGES;NULL;2;0;0;1;0
PRODUCT_INFORMATION_TITLE;NULL;2;0;0;1;0
PRODUCT_LAUNCH_DATE;NULL;2;0;0;1;0
PRODUCT_LOGISTIC_INFO;NULL;2;0;0;1;0
PRODUCT_MODEL;NULL;2;0;0;1;0
PRODUCT_NAME;NULL;2;0;0;1;0
PRODUCT_NAME_IN_SEARCH_AREA;NULL;2;0;0;1;0
PRODUCT_PART_NUMBER;NULL;2;0;0;1;0
PRODUCT_QTY;NULL;2;0;0;1;0
PRODUCT_RELATED_PRODUCTS;NULL;2;0;0;1;0
PRODUCT_REQUIRED_OFFER_PRICE;NULL;2;0;0;1;0
PRODUCT_REQUIREMENTS;NULL;2;0;0;1;0
PRODUCT_TYPE;NULL;2;0;0;1;0
PRODUCT_TYPE_ALL;NULL;2;0;0;1;0
PRODUCT_TYPE_BUSINESS;NULL;2;0;0;1;0
PRODUCT_TYPE_RETAIL;NULL;2;0;0;1;0
PRODUCT_TYPE_RETAIL_RECOMMENDED_FOR_BUSINESS;NULL;2;0;0;1;0
PRODUCT_UNIFYING;NULL;2;0;0;1;0
PROD_SITE;NULL;1;0;0;1;0
PSA_INTEGRATION;NULL;2;NULL;NULL;1;0
PSA_PREPROD;NULL;2;NULL;NULL;1;0
PSA_PROD;NULL;2;NULL;NULL;1;0
PSA_RECETTE;used;2;NULL;NULL;1;0
Pub;NULL;2;0;0;1;0
Public;NULL;1;0;0;1;0
Publication state;NULL;1;0;0;1;0
PUBLICATION_DATE;NULL;1;0;0;1;0
PUBLICATION_DATE_VIEWED;NULL;1;0;0;1;0
PUSH_ASSOCIE;NULL;1;0;0;1;0
PUSH_OUTILS_MIINEUR;NULL;2;NULL;NULL;1;0
QUART_MOSAIQUE;NULL;2;NULL;NULL;1;0
QUESTION_OU_PRODUIT_FINANCIER_OBLIGATOIRE;NULL;2;NULL;0;1;0
QUICKLINKS_BUBBLE_TEXT;NULL;2;0;0;1;0
QUICKLINKS_INFOS;NULL;2;0;0;1;0
QUICKLINKS_TITLE;NULL;2;0;0;1;0
Raccourcis/Alias;NULL;1;0;0;1;0
RATING;NULL;2;0;0;1;0
Recent_comment;NULL;2;0;0;1;0
Rechercher les medias nommés ou avec l_id :;NULL;1;0;0;1;0
Rechercher les medias nommé ou avec l'id;NULL;2;NULL;NULL;1;0
Rechercher les medias nommes ou avec l_id :;NULL;2;0;0;1;0
RECOMMENDED_PRODUCTS;NULL;2;0;0;1;0
RECOMMENDED_RETAIL_PRICE;NULL;2;0;0;1;0
REDIRECT_URL_USED;NULL;2;NULL;NULL;1;0
Reference data;NULL;1;0;0;1;0
Reference table;NULL;1;0;0;1;0
Refernce;NULL;1;0;0;1;0
REGISTER;NULL;2;0;0;1;0
REGISTRATION;NULL;2;0;0;1;0
REGISTRATION_CONFIRMATION;NULL;2;0;0;1;0
REGISTRATION_LOGIN_EXIST;NULL;2;0;0;1;0
REGROUPEMENT_DEFAUT_GALERIES_MEDIA;NULL;1;NULL;NULL;1;0
REGROUPEMENT_DEFAUT_PUBLIC;NULL;1;NULL;NULL;1;0
REMEMBER_ME;NULL;2;0;0;0;1
REMONTEE_AUTO;NULL;1;0;0;1;0
REMOVE;NULL;2;0;0;0;1
REMOVED;NULL;2;0;0;0;1
REPEAT_PASSWORD;NULL;2;0;0;0;1
REQUEST_FORM_COMMENT;NULL;2;0;0;1;0
REQUEST_FORM_SUCCESS;NULL;2;0;0;1;0
REQUEST_HELP;NULL;2;0;0;1;0
REQUEST_SELECTED_ITEMS;NULL;2;0;0;0;1
RESEAUX_SOCIAUX_MAXIMUM;NULL;2;NULL;NULL;1;0
RESET_LIST;NULL;2;0;0;0;1
RESULTS;NULL;2;0;0;0;1
RESULTS_FOUND;NULL;2;0;0;0;1
RESULTS_OF;NULL;2;0;0;0;1
RESULTS_ORDERED_BY;NULL;2;0;0;0;1
RESULTS_PER_PAGE;NULL;2;0;0;0;1
RETOUR_ACCUEIL;NULL;2;NULL;0;0;1
RETROUVEZ_LA_VERSION_COMPLETE_DE_VOTRE_PROJET_EN_BASCULANT_SUR;used;2;NULL;NULL;0;1
Robot seo;NULL;1;0;0;1;0
Root directory;NULL;1;0;0;1;0
ROOT_FOLDER;NULL;1;0;0;1;0
RSS_FEED;NULL;2;0;0;1;0
SAVE_CSV_TRAD_FO;NULL;1;0;0;1;0
SAVE_DNS;NULL;1;0;0;1;0
SAVE_MY_QUICKLINKS;NULL;2;0;0;0;1
SCHEDULING_BLOC;NULL;1;0;0;0;1
SEARCH;NULL;2;0;0;0;1
SEARCH_CRITERE;NULL;2;NULL;0;0;1
SEARCH_LIB;NULL;2;NULL;0;0;1
SEARCH_PRODUCTS_BY_FEATURE;NULL;2;0;0;0;1
SEARCH_PRODUCTS_BY_RETAIL_NAME_PART_NUMBER;NULL;2;0;0;0;1
SEARCH_PRODUCTS_NO_FEATURE_AVAILABLE;NULL;2;0;0;0;1
SEARCH_PRODUCTS_PLEASE_SELECT_CAT;NULL;2;0;0;0;1
SEARCH_URL;NULL;1;NULL;NULL;0;1
SECOND_NAME;NULL;1;0;0;0;1
SECTION;NULL;1;0;0;0;1
See;NULL;1;0;0;0;1
SEE_MORE;NULL;2;0;0;0;1
SELECTIONNER;used;2;NULL;NULL;0;1
SELECT_ARX;NULL;2;NULL;0;0;1
SELECT_CARACTERISTIQUES;used;2;NULL;0;0;1
SELECT_YOUR_BUSINESS_PROFILE;NULL;2;0;0;0;1
SELECT_YOUR_POSITION;NULL;2;0;0;0;1
Send;NULL;1;0;0;1;0
SEND_REQUEST;NULL;2;0;0;1;0
SEP;used;2;NULL;0;1;0
Services included in package;NULL;1;0;0;1;0
SERVICESCARTO;NULL;2;NULL;NULL;1;0
SETTINGS;NULL;2;0;0;1;0
Short Content;NULL;2;0;0;1;0
shortDistance;NULL;0;0;0;1;0
SHOW_ALL;NULL;2;0;0;0;1
SHOW_ASSISTANCE;NULL;1;0;0;0;1
SHOW_DETAIL_CONESSION;NULL;2;NULL;0;0;1
SHOW_PIC;NULL;0;0;0;0;1
SHOW_VIDEO;NULL;0;0;0;0;1
single;NULL;0;0;0;0;1
SITE_LANGS;NULL;1;0;0;0;1
SITE_WEB_MOBILE;used;2;NULL;0;0;1
SIZE;NULL;2;0;0;1;0
SI_PAS_DE_WEBSERVICE;NULL;2;NULL;NULL;0;1
smallFamily;NULL;0;0;0;1;0
SOCIAL_GROUP;NULL;1;0;0;0;1
SORT_LIST;NULL;2;0;0;0;1
START;NULL;1;0;0;0;1
Start hour;NULL;1;0;0;0;1
Start state;NULL;1;0;0;0;1
START_DATE_VIEWING;NULL;1;0;0;0;1
Statistics;NULL;1;0;0;0;1
STREET;NULL;2;0;0;0;1
SUBJECT_CONTACT_MAIL;NULL;2;0;0;0;1
Subscribe;NULL;1;0;0;0;1
Subscribers list;NULL;1;0;0;0;1
Subscribers profiles;NULL;1;0;0;0;1
SUBSCRIBER_PROFIL;NULL;1;0;0;0;1
SUBSCRIPTION_DATE;NULL;1;0;0;0;1
SUCCES_IMPORT;NULL;1;0;0;0;1
SUIVEZ_NOUS_SUR;NULL;2;NULL;0;0;1
SUN;NULL;2;NULL;NULL;1;0
Suppression;used;1;0;0;1;0
SUPP_IMP_USE;NULL;2;NULL;0;1;0
SUR_INSTAGRAM;NULL;2;NULL;;0;1
S_INSCRIRE;NULL;2;NULL;0;1;0
TABLE;NULL;1;0;0;1;0
TABLE_FORMAT_DAY;NULL;1;0;0;1;0
TABLE_FORMAT_HOUR;NULL;1;0;0;1;0
TABLE_REFERENCES;NULL;1;0;0;1;0
TAGS;NULL;1;0;0;1;0
TAG_PAGE;NULL;1;0;0;1;0
TECHNICAL_SPECIFICATIONS;NULL;2;0;0;1;0
TELECHARGER_LE_FICHIER;NULL;2;NULL;0;1;0
Template groups;NULL;1;0;0;1;0
Template type;NULL;1;0;0;1;0
TEMPLATE_TYPES;NULL;1;0;0;1;0
TENDER_DOCUMENTS_AVAILABLE;NULL;2;0;0;1;0
TEST;NULL;2;NULL;0;1;0
tete;NULL;2;0;0;1;0
TEXTE_GENERIQUE_;NULL;2;NULL;0;1;0
TEXTE_GENERIQUE_DEMANDED27ESSAI;NULL;2;NULL;0;1;0
TEXTE_GENERIQUE_DEMANDED27INFORMATION;NULL;2;NULL;0;1;0
TEXTE_GENERIQUE_DEMANDEDEBROCHURE;NULL;2;NULL;0;1;0
TEXTE_GENERIQUE_DEMANDEDERC3A9CLAMATION;NULL;2;NULL;0;1;0
THEME;used;2;NULL;0;1;0
THEMES;NULL;1;NULL;0;1;0
THEMES_TECHNOLGIES;NULL;2;NULL;0;1;0
THEMES_TECHNOLOGIE;NULL;1;0;0;1;0
TITRE_COURT;NULL;1;NULL;0;1;0
TITRE_GENERIQUE_;NULL;2;NULL;0;1;0
TITRE_GENERIQUE_DEMANDED27ESSAI;NULL;2;NULL;0;1;0
TITRE_GENERIQUE_DEMANDED27INFORMATION;NULL;2;NULL;0;1;0
TITRE_GENERIQUE_DEMANDEDEBROCHURE;NULL;2;NULL;0;1;0
TITRE_GENERIQUE_DEMANDEDERC3A9CLAMATION;NULL;2;NULL;0;1;0
TITRE_LONG;NULL;1;NULL;0;1;0
TO;NULL;2;0;0;1;0
TOP_PRODUCT;NULL;2;0;0;1;0
Town;NULL;1;0;0;1;0
TRANSMISSION;NULL;0;0;0;1;0
TRANSPORT_PERSONNE;NULL;0;0;0;1;0
TYPE_CONTENU_ASSOCIE;NULL;1;0;0;1;0
TYPE_D_AFFICHAGE;used;2;NULL;NULL;1;0
TYPE_OF_INFORMATION;NULL;2;0;0;1;0
TYPE_VIDEO;NULL;1;0;0;1;0
Unabled until;NULL;1;0;0;1;0
UNE_UTILISATION;NULL;1;0;0;1;0
Until;NULL;1;0;0;1;0
UPDATES;NULL;2;0;0;1;0
UPLOAD_VAT_CERTIFICATE;NULL;2;0;0;1;0
UPLOAD_VAT_TEXT_EMAIL_REMINDER;NULL;2;0;0;1;0
URL extranet;NULL;2;0;0;1;0
Url update;NULL;1;0;0;1;0
URL_CANONIQUE;used;2;NULL;NULL;1;0
URL_SETTING;NULL;1;0;0;1;0
URL_USED_ON_CONTENT;;2;0;0;1;0
URL_USED_ON_GABARIT;NULL;2;NULL;NULL;1;0
URL_USED_ON_PAGE;;2;0;0;1;0
URL_VISUEL;NULL;2;NULL;NULL;1;0
USED_URL;;2;0;0;1;0
User;NULL;2;0;0;1;0
USER_NAME;NULL;1;0;0;1;0
UTILITAIRES;used;2;NULL;0;0;1
VAT_NUMBER;NULL;2;0;0;1;0
VEHICULES_100;NULL;1;0;0;1;0
VEHICULE_COULEUR_LABEL_BCKGRD_WEB;NULL;1;0;0;1;0
VEHICULE_LABEL_GAMMECONFIG;NULL;1;0;0;1;0
VEHICULE_LABEL_GAMMEMANUAL;NULL;1;0;0;1;0
VEHICULE_LABEL_LCDVCONFIG;NULL;1;0;0;1;0
version;NULL;1;0;0;1;0
versions;NULL;1;0;0;1;0
VIEW;NULL;1;0;0;1;0
VIGNETTE;NULL;2;NULL;NULL;1;0
VIGNETT_REQUISE;NULL;2;NULL;0;1;0
VIRTUAL_KEYBOARD;NULL;1;0;0;1;0
Visual;NULL;1;0;0;1;0
Visual1;NULL;1;0;0;1;0
Visual2;NULL;1;0;0;1;0
VISUEL_CLIQUABLE;NULL;2;NULL;NULL;1;0
VISUEL_PORTRAIT__2_VISUELS_16_9_EMPILES;used;2;NULL;NULL;1;0
VN_APV;NULL;2;NULL;0;0;1
VN_AV;NULL;2;NULL;NULL;0;1
VOIR_LA_VIDEO;NULL;2;NULL;NULL;0;1
VOIR_MOINS_ACTU;NULL;0;0;0;0;1
VOIR_MOINS_STOCK;NULL;0;0;0;0;1
VOIR_PLUS_ACTU;NULL;0;0;0;0;1
VOIR_PLUS_ITEMS;used;2;NULL;0;0;1
volume;NULL;0;0;0;0;1
VOS_APPLICATIONS_IPHONE_ANDROID_ET_IPAD;used;2;NULL;0;1;0
Vote;NULL;2;0;0;1;0
VOTRE_CONCESSION_VEHICULE_NEUF;NULL;2;NULL;NULL;0;1
VOTRE_MODELE;NULL;2;NULL;0;0;1
VOTRE_POINT_VENTE;NULL;2;NULL;0;0;1
WANTED_TO_OFFER;NULL;2;0;0;1;0
WARNING_SOCIAL_NETWORK_ON_SHARE;NULL;2;NULL;NULL;1;0
WARRANTY;NULL;2;0;0;1;0
WEB_TAB_MOBILE;NULL;1;0;0;1;0
YEAR;used;2;NULL;0;0;1
YOUR_COMMENT;NULL;2;0;0;1;0
YOUR_E_MAIL_ADDRESS_LABEL;NULL;2;0;0;1;0
YOUR_POSITION;NULL;2;0;0;1;0
YOUR_POSITION_MARKETING;NULL;2;0;0;1;0
YOUR_POSITION_OTHER;NULL;2;0;0;1;0
YOUR_POSITION_OWNER;NULL;2;0;0;1;0
YOUR_POSITION_SALES;NULL;2;0;0;1;0
YOUR_POSITION_SHOP_MANAGER;NULL;2;0;0;1;0
ZIP_CODE;NULL;2;0;0;0;1
ZONE_TYPES;NULL;1;0;0;0;1
_TOUS_LES_STATUTS_;used;2;NULL;0;0;1
_TOUS_LES_TYPES_;used;2;NULL;0;0;1
_TOUTES_LES_RUBRIQUES_;used;2;NULL;0;0;1
